URL,label
https://bsky.app/profile/appleinsider.com/post/3m5jmxtlln32s,0
https://bsky.app/profile/gaytonausa.bsky.social/post/3m5kjz4d5dc24,0
https://bsky.app/profile/9to5mac.com/post/3m5jd6q33qx2a,0
https://bsky.app/profile/k3f1r.bsky.social/post/3m5q54g3jms2u,0
https://bsky.app/profile/aly.ruffruff.party/post/3m5jt3vv5722w,0
https://bsky.app/profile/appleinsider.com/post/3m5jmxtlln32s,0
https://bsky.app/profile/realsquiddays.bsky.social/post/3m5g2nbyzns22,0
https://bsky.app/profile/marzgurl.com/post/3m3o2twt7zs23,0
https://bsky.app/profile/gabirela.bsky.social/post/3m3ctotk4q22u,0
https://bsky.app/profile/coyusa.likes.ink/post/3m2sgc5htwk25,0
https://bsky.app/profile/throwable.bsky.social/post/3lmlkhk3tux2z,0
https://bsky.app/profile/appleinsider.com/post/3m5jmxtlln32s,0
https://bsky.app/profile/gaytonausa.bsky.social/post/3m5kjz4d5dc24,0
https://bsky.app/profile/9to5mac.com/post/3m5jd6q33qx2a,0
https://bsky.app/profile/k3f1r.bsky.social/post/3m5q54g3jms2u,0
https://bsky.app/profile/aly.ruffruff.party/post/3m5jt3vv5722w,0
https://bsky.app/profile/appleinsider.com/post/3m5jmxtlln32s,0
https://bsky.app/profile/realsquiddays.bsky.social/post/3m5g2nbyzns22,0
https://bsky.app/profile/marzgurl.com/post/3m3o2twt7zs23,0
https://bsky.app/profile/gabirela.bsky.social/post/3m3ctotk4q22u,0
https://bsky.app/profile/coyusa.likes.ink/post/3m2sgc5htwk25,0
https://bsky.app/profile/throwable.bsky.social/post/3lmlkhk3tux2z,0
https://bsky.app/profile/knoebel.bsky.social/post/3kjrx74vese2a,0
https://bsky.app/profile/byteseu.bsky.social/post/3ldh2nhy4hv2a,0
https://bsky.app/profile/kazane.bsky.social/post/3lk54pw4e4s24,0
https://bsky.app/profile/ritsy.bsky.social/post/3l4n7ixtdkg23,0
https://bsky.app/profile/papapalia.bsky.social/post/3kuqzejjqdz2j,0
https://bsky.app/profile/seariathesiren.bsky.social/post/3m4xnuvbd6k2n,0
https://bsky.app/profile/blubinsky.bsky.social/post/3m3sopls4yc25,0
https://bsky.app/profile/momorulez.bsky.social/post/3m3lvc4uiak2e,0
https://bsky.app/profile/warrenoates1.bsky.social/post/3m2uhfilluc23,0
https://bsky.app/profile/europesays.bsky.social/post/3l2p6spdppr2b,0
https://bsky.app/profile/jbond23.bsky.social/post/3lgflnhws2q24,0
https://bsky.app/profile/knatters1896.bsky.social/post/3kp4byk6thu2q,0
https://bsky.app/profile/knoebel.bsky.social/post/3kjrx74vese2a,0
https://bsky.app/profile/byteseu.bsky.social/post/3ldh2nhy4hv2a,0
https://bsky.app/profile/philplait.bsky.social/post/3m6dc4u22lc25,0
https://bsky.app/profile/throwable.bsky.social/post/3m6fjmc3v5l2b,0
https://bsky.app/profile/throwable.bsky.social/post/3m6fjlyz7ex2y,0
https://bsky.app/profile/throwable.bsky.social/post/3m6fggw3wlv2d,0
https://bsky.app/profile/rosamundevb.bsky.social/post/3m64lqbsbh22c,0
https://bsky.app/profile/ruzgardeniz62.bsky.social/post/3lyfzdpuzos2z,0
https://bsky.app/profile/ulgen70.bsky.social/post/3lxaigb55gc24,0
